what,kind,bundleId,bundleVersion,description,time
executed,command,org.eclipse.ui.workbench.texteditor,3.6.1.r361_v20100714-0800,"org.eclipse.ui.edit.text.goto.lineEnd",1299570640835
executed,command,org.eclipse.ui.workbench.texteditor,3.6.1.r361_v20100714-0800,"org.eclipse.ui.edit.text.select.lineStart",1299570641220
executed,command,org.eclipse.ui,3.6.2.M20110203-1100,"org.eclipse.ui.edit.copy",1299570641502
executed,command,org.eclipse.ui.workbench.texteditor,3.6.1.r361_v20100714-0800,"org.eclipse.ui.edit.text.goto.lineEnd",1299570641674
executed,command,org.eclipse.ui,3.6.2.M20110203-1100,"org.eclipse.ui.edit.paste",1299570642020
executed,command,org.eclipse.ui,3.6.2.M20110203-1100,"org.eclipse.ui.file.save",1299570644036
opened,view,org.eclipse.ui.ide,3.6.2.M20101201-0800,"org.eclipse.ui.views.AllMarkersView",1299570645862
deactivated,workbench,org.eclipse.ui.workbench,3.6.2.M20110210-1200,"",1299570647628
activated,workbench,org.eclipse.ui.workbench,3.6.2.M20110210-1200,"",1299570648955
activated,editor,org.eclipse.ui.browser,3.3.1.r36_20101216,"org.eclipse.ui.browser.editor",1299570649734
deactivated,workbench,org.eclipse.ui.workbench,3.6.2.M20110210-1200,"",1299570650748
activated,workbench,org.eclipse.ui.workbench,3.6.2.M20110210-1200,"",1299570651955
activated,view,org.eclipse.ui.console,3.5.0.v20100526,"org.eclipse.ui.console.ConsoleView",1299570653938
activated,editor,org.eclipse.wst.html.ui,1.0.504.v201101122108,"org.eclipse.wst.html.core.htmlsource.source",1299570669868
activated,editor,org.eclipse.jdt.ui,3.6.2.r362_v20110203,"org.eclipse.jdt.ui.CompilationUnitEditor",1299570671020
executed,command,org.eclipse.ui,3.6.2.M20110203-1100,"org.eclipse.ui.edit.paste",1299570682978
executed,command,org.eclipse.ui,3.6.2.M20110203-1100,"org.eclipse.ui.file.save",1299570683573
activated,view,org.eclipse.ui.console,3.5.0.v20100526,"org.eclipse.ui.console.ConsoleView",1299570686681
executed,command,org.eclipse.ui,3.6.2.M20110203-1100,"org.eclipse.ui.file.save",1299570687389
activated,editor,org.eclipse.jdt.ui,3.6.2.r362_v20110203,"org.eclipse.jdt.ui.CompilationUnitEditor",1299570688217
executed,command,org.eclipse.ui,3.6.2.M20110203-1100,"org.eclipse.ui.file.save",1299570690357
activated,editor,org.eclipse.ui.browser,3.3.1.r36_20101216,"org.eclipse.ui.browser.editor",1299570691873
deactivated,workbench,org.eclipse.ui.workbench,3.6.2.M20110210-1200,"",1299570693928
activated,workbench,org.eclipse.ui.workbench,3.6.2.M20110210-1200,"",1299570694734
deactivated,workbench,org.eclipse.ui.workbench,3.6.2.M20110210-1200,"",1299570695418
activated,view,org.eclipse.ui.console,3.5.0.v20100526,"org.eclipse.ui.console.ConsoleView",1299570697194
activated,workbench,org.eclipse.ui.workbench,3.6.2.M20110210-1200,"",1299570697354
deactivated,workbench,org.eclipse.ui.workbench,3.6.2.M20110210-1200,"",1299570698803
activated,workbench,org.eclipse.ui.workbench,3.6.2.M20110210-1200,"",1299570699386
activated,editor,org.eclipse.ui.browser,3.3.1.r36_20101216,"org.eclipse.ui.browser.editor",1299570699438
activated,view,org.eclipse.ui.console,3.5.0.v20100526,"org.eclipse.ui.console.ConsoleView",1299570700540
activated,editor,org.eclipse.ui.browser,3.3.1.r36_20101216,"org.eclipse.ui.browser.editor",1299570701642
deactivated,workbench,org.eclipse.ui.workbench,3.6.2.M20110210-1200,"",1299570702282
activated,workbench,org.eclipse.ui.workbench,3.6.2.M20110210-1200,"",1299570702881
activated,view,org.eclipse.ui.console,3.5.0.v20100526,"org.eclipse.ui.console.ConsoleView",1299570705992
activated,editor,org.eclipse.jdt.ui,3.6.2.r362_v20110203,"org.eclipse.jdt.ui.CompilationUnitEditor",1299570718311
activated,editor,org.eclipse.wst.html.ui,1.0.504.v201101122108,"org.eclipse.wst.html.core.htmlsource.source",1299570720976
activated,editor,org.eclipse.jdt.ui,3.6.2.r362_v20110203,"org.eclipse.jdt.ui.CompilationUnitEditor",1299570721703
deactivated,workbench,org.eclipse.ui.workbench,3.6.2.M20110210-1200,"",1299570742749
activated,workbench,org.eclipse.ui.workbench,3.6.2.M20110210-1200,"",1299570751374
executed,command,org.eclipse.jdt.ui,3.6.2.r362_v20110203,"org.eclipse.jdt.ui.edit.text.java.toggle.comment",1299570761500
executed,command,org.eclipse.ui,3.6.2.M20110203-1100,"org.eclipse.ui.edit.paste",1299570764783
executed,command,org.eclipse.ui,3.6.2.M20110203-1100,"org.eclipse.ui.file.save",1299570765064
executed,command,org.eclipse.ui,3.6.2.M20110203-1100,"org.eclipse.ui.edit.undo",1299570765634
deactivated,workbench,org.eclipse.ui.workbench,3.6.2.M20110210-1200,"",1299570765880
activated,workbench,org.eclipse.ui.workbench,3.6.2.M20110210-1200,"",1299570768131
executed,command,org.eclipse.ui,3.6.2.M20110203-1100,"org.eclipse.ui.edit.paste",1299570769731
executed,command,org.eclipse.jdt.ui,3.6.2.r362_v20110203,"org.eclipse.jdt.ui.edit.text.java.format",1299570770471
executed,command,org.eclipse.ui,3.6.2.M20110203-1100,"org.eclipse.ui.file.saveAll",1299570770778
activated,editor,org.eclipse.ui.browser,3.3.1.r36_20101216,"org.eclipse.ui.browser.editor",1299570773581
deactivated,workbench,org.eclipse.ui.workbench,3.6.2.M20110210-1200,"",1299570775746
activated,workbench,org.eclipse.ui.workbench,3.6.2.M20110210-1200,"",1299570777385
deactivated,workbench,org.eclipse.ui.workbench,3.6.2.M20110210-1200,"",1299570783256
activated,workbench,org.eclipse.ui.workbench,3.6.2.M20110210-1200,"",1299570784343
activated,view,org.eclipse.wst.server.ui,1.1.207.v20110119,"org.eclipse.wst.server.ui.ServersView",1299570788508
executed,command,org.eclipse.wst.server.ui,1.1.207.v20110119,"org.eclipse.wst.server.run",1299570790511
activated,view,org.eclipse.ui.console,3.5.0.v20100526,"org.eclipse.ui.console.ConsoleView",1299570791207
activated,editor,org.eclipse.jdt.ui,3.6.2.r362_v20110203,"org.eclipse.jdt.ui.CompilationUnitEditor",1299570793976
activated,editor,org.eclipse.wst.html.ui,1.0.504.v201101122108,"org.eclipse.wst.html.core.htmlsource.source",1299570796742
activated,editor,org.eclipse.ui.browser,3.3.1.r36_20101216,"org.eclipse.ui.browser.editor",1299570797624
deactivated,workbench,org.eclipse.ui.workbench,3.6.2.M20110210-1200,"",1299570799262
activated,workbench,org.eclipse.ui.workbench,3.6.2.M20110210-1200,"",1299570801060
activated,editor,org.eclipse.wst.html.ui,1.0.504.v201101122108,"org.eclipse.wst.html.core.htmlsource.source",1299570803804
activated,editor,org.eclipse.ui.browser,3.3.1.r36_20101216,"org.eclipse.ui.browser.editor",1299570805004
activated,editor,org.eclipse.jdt.ui,3.6.2.r362_v20110203,"org.eclipse.jdt.ui.CompilationUnitEditor",1299570805628
executed,command,org.eclipse.ui,3.6.2.M20110203-1100,"org.eclipse.ui.edit.undo",1299570817306
executed,command,org.eclipse.ui,3.6.2.M20110203-1100,"org.eclipse.ui.edit.undo",1299570818134
executed,command,org.eclipse.ui,3.6.2.M20110203-1100,"org.eclipse.ui.edit.undo",1299570818664
executed,command,org.eclipse.ui,3.6.2.M20110203-1100,"org.eclipse.ui.edit.undo",1299570819103
executed,command,org.eclipse.ui,3.6.2.M20110203-1100,"org.eclipse.ui.file.save",1299570820054
activated,view,org.eclipse.ui.console,3.5.0.v20100526,"org.eclipse.ui.console.ConsoleView",1299570826567
activated,editor,org.eclipse.jdt.ui,3.6.2.r362_v20110203,"org.eclipse.jdt.ui.CompilationUnitEditor",1299570828119
activated,view,org.eclipse.ui.console,3.5.0.v20100526,"org.eclipse.ui.console.ConsoleView",1299570832199
activated,editor,org.eclipse.jdt.ui,3.6.2.r362_v20110203,"org.eclipse.jdt.ui.CompilationUnitEditor",1299570836412
deactivated,workbench,org.eclipse.ui.workbench,3.6.2.M20110210-1200,"",1299570886489
activated,workbench,org.eclipse.ui.workbench,3.6.2.M20110210-1200,"",1299570899947
activated,editor,org.eclipse.wst.html.ui,1.0.504.v201101122108,"org.eclipse.wst.html.core.htmlsource.source",1299570902363
activated,editor,org.eclipse.ui.browser,3.3.1.r36_20101216,"org.eclipse.ui.browser.editor",1299570904759
deactivated,workbench,org.eclipse.ui.workbench,3.6.2.M20110210-1200,"",1299570906686
activated,workbench,org.eclipse.ui.workbench,3.6.2.M20110210-1200,"",1299570908058
activated,view,org.eclipse.ui.console,3.5.0.v20100526,"org.eclipse.ui.console.ConsoleView",1299570910546
activated,editor,org.eclipse.jdt.ui,3.6.2.r362_v20110203,"org.eclipse.jdt.ui.CompilationUnitEditor",1299570919813
deactivated,workbench,org.eclipse.ui.workbench,3.6.2.M20110210-1200,"",1299570929718
activated,workbench,org.eclipse.ui.workbench,3.6.2.M20110210-1200,"",1299570930491
deactivated,workbench,org.eclipse.ui.workbench,3.6.2.M20110210-1200,"",1299570930840
activated,workbench,org.eclipse.ui.workbench,3.6.2.M20110210-1200,"",1299571030970
executed,command,org.eclipse.ui.workbench.texteditor,3.6.1.r361_v20100714-0800,"org.eclipse.ui.edit.text.goto.lineEnd",1299571035008
executed,command,org.eclipse.ui.workbench.texteditor,3.6.1.r361_v20100714-0800,"org.eclipse.ui.edit.text.goto.lineEnd",1299571038184
executed,command,org.eclipse.ui,3.6.2.M20110203-1100,"org.eclipse.ui.file.save",1299571040155
activated,editor,org.eclipse.ui.browser,3.3.1.r36_20101216,"org.eclipse.ui.browser.editor",1299571041299
deactivated,workbench,org.eclipse.ui.workbench,3.6.2.M20110210-1200,"",1299571043296
activated,workbench,org.eclipse.ui.workbench,3.6.2.M20110210-1200,"",1299571045633
activated,view,org.eclipse.ui.console,3.5.0.v20100526,"org.eclipse.ui.console.ConsoleView",1299571047259
activated,editor,org.eclipse.ui.browser,3.3.1.r36_20101216,"org.eclipse.ui.browser.editor",1299571050594
deactivated,workbench,org.eclipse.ui.workbench,3.6.2.M20110210-1200,"",1299571051648
activated,workbench,org.eclipse.ui.workbench,3.6.2.M20110210-1200,"",1299571052746
activated,view,org.eclipse.ui.console,3.5.0.v20100526,"org.eclipse.ui.console.ConsoleView",1299571054414
activated,editor,org.eclipse.ui.browser,3.3.1.r36_20101216,"org.eclipse.ui.browser.editor",1299571056245
activated,editor,org.eclipse.jdt.ui,3.6.2.r362_v20110203,"org.eclipse.jdt.ui.CompilationUnitEditor",1299571057687
executed,command,org.eclipse.jdt.ui,3.6.2.r362_v20110203,"org.eclipse.jdt.ui.edit.text.java.rename.element",1299571082516
executed,command,org.eclipse.ui,3.6.2.M20110203-1100,"org.eclipse.ui.file.save",1299571088844
executed,command,org.eclipse.jdt.ui,3.6.2.r362_v20110203,"org.eclipse.jdt.ui.edit.text.java.rename.element",1299571100052
executed,command,org.eclipse.ui,3.6.2.M20110203-1100,"org.eclipse.ui.file.save",1299571102746
executed,command,org.eclipse.ui.workbench.texteditor,3.6.1.r361_v20100714-0800,"org.eclipse.ui.edit.text.goto.lineEnd",1299571109668
executed,command,org.eclipse.ui.workbench.texteditor,3.6.1.r361_v20100714-0800,"org.eclipse.ui.edit.text.goto.lineEnd",1299571112314
executed,command,org.eclipse.ui,3.6.2.M20110203-1100,"org.eclipse.ui.file.save",1299571112862
executed,command,org.eclipse.ui.workbench.texteditor,3.6.1.r361_v20100714-0800,"org.eclipse.ui.edit.text.select.lineEnd",1299571113636
executed,command,org.eclipse.ui.workbench.texteditor,3.6.1.r361_v20100714-0800,"org.eclipse.ui.edit.text.select.lineStart",1299571114588
executed,command,org.eclipse.ui,3.6.2.M20110203-1100,"org.eclipse.ui.file.save",1299571115229
activated,editor,org.eclipse.ui.browser,3.3.1.r36_20101216,"org.eclipse.ui.browser.editor",1299571117506
deactivated,workbench,org.eclipse.ui.workbench,3.6.2.M20110210-1200,"",1299571119827
activated,workbench,org.eclipse.ui.workbench,3.6.2.M20110210-1200,"",1299571122072
activated,view,org.eclipse.ui.console,3.5.0.v20100526,"org.eclipse.ui.console.ConsoleView",1299571123737
deactivated,workbench,org.eclipse.ui.workbench,3.6.2.M20110210-1200,"",1299571130351
activated,workbench,org.eclipse.ui.workbench,3.6.2.M20110210-1200,"",1299571130432
deactivated,workbench,org.eclipse.ui.workbench,3.6.2.M20110210-1200,"",1299571130502
activated,workbench,org.eclipse.ui.workbench,3.6.2.M20110210-1200,"",1299571150127
activated,editor,org.eclipse.wst.html.ui,1.0.504.v201101122108,"org.eclipse.wst.html.core.htmlsource.source",1299571152507
activated,editor,org.eclipse.jdt.ui,3.6.2.r362_v20110203,"org.eclipse.jdt.ui.CompilationUnitEditor",1299571153035
deactivated,workbench,org.eclipse.ui.workbench,3.6.2.M20110210-1200,"",1299571159745
activated,workbench,org.eclipse.ui.workbench,3.6.2.M20110210-1200,"",1299571170294
deactivated,workbench,org.eclipse.ui.workbench,3.6.2.M20110210-1200,"",1299571195280
activated,workbench,org.eclipse.ui.workbench,3.6.2.M20110210-1200,"",1299571199382
activated,view,org.eclipse.ui.navigator.resources,3.4.202.M20101124-0800,"org.eclipse.ui.navigator.ProjectExplorer",1299571199404
activated,editor,org.eclipse.jdt.ui,3.6.2.r362_v20110203,"org.eclipse.jdt.ui.CompilationUnitEditor",1299571200101
activated,view,org.eclipse.ui.console,3.5.0.v20100526,"org.eclipse.ui.console.ConsoleView",1299571209160
deactivated,workbench,org.eclipse.ui.workbench,3.6.2.M20110210-1200,"",1299571235840
activated,workbench,org.eclipse.ui.workbench,3.6.2.M20110210-1200,"",1299571257857
activated,editor,org.eclipse.jdt.ui,3.6.2.r362_v20110203,"org.eclipse.jdt.ui.CompilationUnitEditor",1299571266506
deactivated,workbench,org.eclipse.ui.workbench,3.6.2.M20110210-1200,"",1299571308959
activated,workbench,org.eclipse.ui.workbench,3.6.2.M20110210-1200,"",1299571334718
deactivated,workbench,org.eclipse.ui.workbench,3.6.2.M20110210-1200,"",1299571386781
activated,workbench,org.eclipse.ui.workbench,3.6.2.M20110210-1200,"",1299571388955
activated,view,org.eclipse.ui.navigator.resources,3.4.202.M20101124-0800,"org.eclipse.ui.navigator.ProjectExplorer",1299571388980
deactivated,workbench,org.eclipse.ui.workbench,3.6.2.M20110210-1200,"",1299571390488
activated,workbench,org.eclipse.ui.workbench,3.6.2.M20110210-1200,"",1299571407295
deactivated,workbench,org.eclipse.ui.workbench,3.6.2.M20110210-1200,"",1299571417614
activated,workbench,org.eclipse.ui.workbench,3.6.2.M20110210-1200,"",1299571425201
deactivated,workbench,org.eclipse.ui.workbench,3.6.2.M20110210-1200,"",1299571427251
activated,workbench,org.eclipse.ui.workbench,3.6.2.M20110210-1200,"",1299571430474
activated,editor,org.eclipse.jdt.ui,3.6.2.r362_v20110203,"org.eclipse.jdt.ui.CompilationUnitEditor",1299571450913
executed,command,org.eclipse.ui.workbench.texteditor,3.6.1.r361_v20100714-0800,"org.eclipse.ui.edit.text.toggleOverwrite",1299571451743
executed,command,org.eclipse.ui.workbench.texteditor,3.6.1.r361_v20100714-0800,"org.eclipse.ui.edit.text.toggleOverwrite",1299571452992
executed,command,org.eclipse.ui,3.6.2.M20110203-1100,"org.eclipse.ui.file.save",1299571455047
executed,command,org.eclipse.ui.workbench.texteditor,3.6.1.r361_v20100714-0800,"org.eclipse.ui.edit.text.goto.lineEnd",1299571468959
executed,command,org.eclipse.ui,3.6.2.M20110203-1100,"org.eclipse.ui.file.save",1299571471657
deactivated,workbench,org.eclipse.ui.workbench,3.6.2.M20110210-1200,"",1299571472136
activated,workbench,org.eclipse.ui.workbench,3.6.2.M20110210-1200,"",1299571495336
activated,editor,org.eclipse.ui.browser,3.3.1.r36_20101216,"org.eclipse.ui.browser.editor",1299571500823
deactivated,workbench,org.eclipse.ui.workbench,3.6.2.M20110210-1200,"",1299571502825
activated,workbench,org.eclipse.ui.workbench,3.6.2.M20110210-1200,"",1299571504202
deactivated,workbench,org.eclipse.ui.workbench,3.6.2.M20110210-1200,"",1299571505956
activated,workbench,org.eclipse.ui.workbench,3.6.2.M20110210-1200,"",1299571525588
activated,view,org.eclipse.ui.console,3.5.0.v20100526,"org.eclipse.ui.console.ConsoleView",1299571527215
activated,editor,org.eclipse.jdt.ui,3.6.2.r362_v20110203,"org.eclipse.jdt.ui.CompilationUnitEditor",1299571540429
executed,command,org.eclipse.ui.workbench.texteditor,3.6.1.r361_v20100714-0800,"org.eclipse.ui.edit.text.select.lineEnd",1299571549875
executed,command,org.eclipse.ui.workbench.texteditor,3.6.1.r361_v20100714-0800,"org.eclipse.ui.edit.text.select.lineStart",1299571550415
executed,command,org.eclipse.ui,3.6.2.M20110203-1100,"org.eclipse.ui.file.save",1299571551094
deactivated,workbench,org.eclipse.ui.workbench,3.6.2.M20110210-1200,"",1299571570266
activated,workbench,org.eclipse.ui.workbench,3.6.2.M20110210-1200,"",1299571583001
activated,editor,org.eclipse.ui.browser,3.3.1.r36_20101216,"org.eclipse.ui.browser.editor",1299571588515
deactivated,workbench,org.eclipse.ui.workbench,3.6.2.M20110210-1200,"",1299571591510
activated,workbench,org.eclipse.ui.workbench,3.6.2.M20110210-1200,"",1299571593717
activated,view,org.eclipse.ui.console,3.5.0.v20100526,"org.eclipse.ui.console.ConsoleView",1299571595481
activated,editor,org.eclipse.jdt.ui,3.6.2.r362_v20110203,"org.eclipse.jdt.ui.CompilationUnitEditor",1299571601513
activated,view,org.eclipse.ui.console,3.5.0.v20100526,"org.eclipse.ui.console.ConsoleView",1299571612048
activated,editor,org.eclipse.jdt.ui,3.6.2.r362_v20110203,"org.eclipse.jdt.ui.CompilationUnitEditor",1299571641740
executed,command,org.eclipse.ui.workbench.texteditor,3.6.1.r361_v20100714-0800,"org.eclipse.ui.edit.text.goto.lineEnd",1299571651943
executed,command,org.eclipse.ui,3.6.2.M20110203-1100,"org.eclipse.ui.file.save",1299571652559
deactivated,workbench,org.eclipse.ui.workbench,3.6.2.M20110210-1200,"",1299571653753
activated,workbench,org.eclipse.ui.workbench,3.6.2.M20110210-1200,"",1299571682672
activated,editor,org.eclipse.ui.browser,3.3.1.r36_20101216,"org.eclipse.ui.browser.editor",1299571685891
deactivated,workbench,org.eclipse.ui.workbench,3.6.2.M20110210-1200,"",1299571687888
activated,workbench,org.eclipse.ui.workbench,3.6.2.M20110210-1200,"",1299571689364
activated,view,org.eclipse.ui.console,3.5.0.v20100526,"org.eclipse.ui.console.ConsoleView",1299571691186
deactivated,workbench,org.eclipse.ui.workbench,3.6.2.M20110210-1200,"",1299571700631
activated,workbench,org.eclipse.ui.workbench,3.6.2.M20110210-1200,"",1299571702083
activated,editor,org.eclipse.jdt.ui,3.6.2.r362_v20110203,"org.eclipse.jdt.ui.CompilationUnitEditor",1299571703546
executed,command,org.eclipse.jdt.ui,3.6.2.r362_v20110203,"org.eclipse.jdt.ui.edit.text.java.rename.element",1299571707758
executed,command,org.eclipse.ui,3.6.2.M20110203-1100,"org.eclipse.ui.file.save",1299571711941
executed,command,org.eclipse.ui,3.6.2.M20110203-1100,"org.eclipse.ui.file.save",1299571713665
executed,command,org.eclipse.ui.workbench.texteditor,3.6.1.r361_v20100714-0800,"org.eclipse.ui.edit.text.select.lineStart",1299571717841
executed,command,org.eclipse.ui.workbench.texteditor,3.6.1.r361_v20100714-0800,"org.eclipse.ui.edit.text.select.lineStart",1299571718740
executed,command,org.eclipse.ui.workbench.texteditor,3.6.1.r361_v20100714-0800,"org.eclipse.ui.edit.text.select.lineStart",1299571720182
executed,command,org.eclipse.ui.workbench.texteditor,3.6.1.r361_v20100714-0800,"org.eclipse.ui.edit.text.select.lineStart",1299571720442
executed,command,org.eclipse.ui,3.6.2.M20110203-1100,"org.eclipse.ui.file.save",1299571721845
executed,command,org.eclipse.ui.workbench.texteditor,3.6.1.r361_v20100714-0800,"org.eclipse.ui.edit.text.smartEnter",1299571772049
executed,command,org.eclipse.ui.workbench.texteditor,3.6.1.r361_v20100714-0800,"org.eclipse.ui.edit.text.select.lineStart",1299571773636
executed,command,org.eclipse.ui,3.6.2.M20110203-1100,"org.eclipse.ui.edit.copy",1299571780218
executed,command,org.eclipse.ui,3.6.2.M20110203-1100,"org.eclipse.ui.file.save",1299571780471
executed,command,org.eclipse.ui,3.6.2.M20110203-1100,"org.eclipse.ui.edit.paste",1299571782021
executed,command,org.eclipse.ui,3.6.2.M20110203-1100,"org.eclipse.ui.file.save",1299571782221
deactivated,workbench,org.eclipse.ui.workbench,3.6.2.M20110210-1200,"",1299571786727
activated,workbench,org.eclipse.ui.workbench,3.6.2.M20110210-1200,"",1299571920674
deactivated,workbench,org.eclipse.ui.workbench,3.6.2.M20110210-1200,"",1299571922446
activated,workbench,org.eclipse.ui.workbench,3.6.2.M20110210-1200,"",1299571947714
executed,command,org.eclipse.ui,3.6.2.M20110203-1100,"org.eclipse.ui.file.save",1299571955680
executed,command,org.eclipse.ui,3.6.2.M20110203-1100,"org.eclipse.ui.file.save",1299571964312
activated,editor,org.eclipse.ui.browser,3.3.1.r36_20101216,"org.eclipse.ui.browser.editor",1299571979282
deactivated,workbench,org.eclipse.ui.workbench,3.6.2.M20110210-1200,"",1299571981258
activated,workbench,org.eclipse.ui.workbench,3.6.2.M20110210-1200,"",1299571982692
activated,view,org.eclipse.ui.console,3.5.0.v20100526,"org.eclipse.ui.console.ConsoleView",1299571985965
deactivated,workbench,org.eclipse.ui.workbench,3.6.2.M20110210-1200,"",1299571987629
activated,workbench,org.eclipse.ui.workbench,3.6.2.M20110210-1200,"",1299571997810
activated,editor,org.eclipse.ui.browser,3.3.1.r36_20101216,"org.eclipse.ui.browser.editor",1299571997831
deactivated,workbench,org.eclipse.ui.workbench,3.6.2.M20110210-1200,"",1299571998407
activated,workbench,org.eclipse.ui.workbench,3.6.2.M20110210-1200,"",1299572093303
activated,view,org.eclipse.ui.navigator.resources,3.4.202.M20101124-0800,"org.eclipse.ui.navigator.ProjectExplorer",1299572093309
activated,editor,org.eclipse.ui.browser,3.3.1.r36_20101216,"org.eclipse.ui.browser.editor",1299572093971
activated,editor,org.eclipse.jdt.ui,3.6.2.r362_v20110203,"org.eclipse.jdt.ui.CompilationUnitEditor",1299572096053
executed,command,org.eclipse.ui.workbench.texteditor,3.6.1.r361_v20100714-0800,"org.eclipse.ui.edit.text.goto.lineEnd",1299572106970
executed,command,org.eclipse.ui.workbench.texteditor,3.6.1.r361_v20100714-0800,"org.eclipse.ui.edit.text.select.lineStart",1299572107568
executed,command,org.eclipse.ui.workbench.texteditor,3.6.1.r361_v20100714-0800,"org.eclipse.ui.edit.text.select.lineStart",1299572107815
executed,command,org.eclipse.ui,3.6.2.M20110203-1100,"org.eclipse.ui.file.save",1299572108552
deactivated,workbench,org.eclipse.ui.workbench,3.6.2.M20110210-1200,"",1299572110559
activated,workbench,org.eclipse.ui.workbench,3.6.2.M20110210-1200,"",1299572115808
activated,editor,org.eclipse.ui.browser,3.3.1.r36_20101216,"org.eclipse.ui.browser.editor",1299572117144
deactivated,workbench,org.eclipse.ui.workbench,3.6.2.M20110210-1200,"",1299572118797
activated,workbench,org.eclipse.ui.workbench,3.6.2.M20110210-1200,"",1299572120249
deactivated,workbench,org.eclipse.ui.workbench,3.6.2.M20110210-1200,"",1299572122199
activated,workbench,org.eclipse.ui.workbench,3.6.2.M20110210-1200,"",1299572159257
activated,view,org.eclipse.ui.views,3.5.1.M20110202-0800,"org.eclipse.ui.views.ContentOutline",1299572159262
deactivated,workbench,org.eclipse.ui.workbench,3.6.2.M20110210-1200,"",1299572160802
activated,workbench,org.eclipse.ui.workbench,3.6.2.M20110210-1200,"",1299572178792
activated,editor,org.eclipse.jdt.ui,3.6.2.r362_v20110203,"org.eclipse.jdt.ui.CompilationUnitEditor",1299572180171
executed,command,org.eclipse.ui,3.6.2.M20110203-1100,"org.eclipse.ui.edit.selectAll",1299572183793
executed,command,org.eclipse.ui,3.6.2.M20110203-1100,"org.eclipse.ui.edit.copy",1299572184028
deactivated,workbench,org.eclipse.ui.workbench,3.6.2.M20110210-1200,"",1299572184345
activated,workbench,org.eclipse.ui.workbench,3.6.2.M20110210-1200,"",1299572336481
deactivated,workbench,org.eclipse.ui.workbench,3.6.2.M20110210-1200,"",1299572337607
executed,command,org.eclipse.ui,3.6.2.M20110203-1100,"org.eclipse.ui.edit.findReplace",1299572337638
activated,workbench,org.eclipse.ui.workbench,3.6.2.M20110210-1200,"",1299572341596
executed,command,org.eclipse.ui,3.6.2.M20110203-1100,"org.eclipse.ui.edit.copy",1299572343477
deactivated,workbench,org.eclipse.ui.workbench,3.6.2.M20110210-1200,"",1299572343759
activated,workbench,org.eclipse.ui.workbench,3.6.2.M20110210-1200,"",1299572346526
deactivated,workbench,org.eclipse.ui.workbench,3.6.2.M20110210-1200,"",1299572347426
executed,command,org.eclipse.ui,3.6.2.M20110203-1100,"org.eclipse.ui.edit.findReplace",1299572347456
activated,workbench,org.eclipse.ui.workbench,3.6.2.M20110210-1200,"",1299572352217
deactivated,workbench,org.eclipse.ui.workbench,3.6.2.M20110210-1200,"",1299572353065
activated,workbench,org.eclipse.ui.workbench,3.6.2.M20110210-1200,"",1299572354566
executed,command,org.eclipse.ui,3.6.2.M20110203-1100,"org.eclipse.ui.file.save",1299572355457
deactivated,workbench,org.eclipse.ui.workbench,3.6.2.M20110210-1200,"",1299572355762
activated,workbench,org.eclipse.ui.workbench,3.6.2.M20110210-1200,"",1299572389769
executed,command,org.eclipse.ui.workbench.texteditor,3.6.1.r361_v20100714-0800,"org.eclipse.ui.edit.text.goto.lineStart",1299572391659
executed,command,org.eclipse.ui,3.6.2.M20110203-1100,"org.eclipse.ui.edit.selectAll",1299572392791
executed,command,org.eclipse.ui,3.6.2.M20110203-1100,"org.eclipse.ui.edit.copy",1299572392993
deactivated,workbench,org.eclipse.ui.workbench,3.6.2.M20110210-1200,"",1299572393263
activated,workbench,org.eclipse.ui.workbench,3.6.2.M20110210-1200,"",1299572891602
deactivated,workbench,org.eclipse.ui.workbench,3.6.2.M20110210-1200,"",1299572892200
activated,workbench,org.eclipse.ui.workbench,3.6.2.M20110210-1200,"",1299572912899
activated,editor,org.eclipse.wst.html.ui,1.0.504.v201101122108,"org.eclipse.wst.html.core.htmlsource.source",1299572914697
executed,command,org.eclipse.ui,3.6.2.M20110203-1100,"org.eclipse.ui.edit.selectAll",1299572915736
executed,command,org.eclipse.ui,3.6.2.M20110203-1100,"org.eclipse.ui.edit.copy",1299572916011
deactivated,workbench,org.eclipse.ui.workbench,3.6.2.M20110210-1200,"",1299572916517
activated,workbench,org.eclipse.ui.workbench,3.6.2.M20110210-1200,"",1299572923296
deactivated,workbench,org.eclipse.ui.workbench,3.6.2.M20110210-1200,"",1299572926220
activated,workbench,org.eclipse.ui.workbench,3.6.2.M20110210-1200,"",1299572928797
activated,view,org.eclipse.ui.navigator.resources,3.4.202.M20101124-0800,"org.eclipse.ui.navigator.ProjectExplorer",1299572929645
activated,editor,org.eclipse.wst.html.ui,1.0.504.v201101122108,"org.eclipse.wst.html.core.htmlsource.source",1299572929893
activated,view,org.eclipse.ui.navigator.resources,3.4.202.M20101124-0800,"org.eclipse.ui.navigator.ProjectExplorer",1299572930613
activated,editor,org.eclipse.wst.html.ui,1.0.504.v201101122108,"org.eclipse.wst.html.core.htmlsource.source",1299572930821
deactivated,workbench,org.eclipse.ui.workbench,3.6.2.M20110210-1200,"",1299572931863
activated,workbench,org.eclipse.ui.workbench,3.6.2.M20110210-1200,"",1299573668206
deactivated,workbench,org.eclipse.ui.workbench,3.6.2.M20110210-1200,"",1299573670109
activated,workbench,org.eclipse.ui.workbench,3.6.2.M20110210-1200,"",1299574098462
activated,editor,org.eclipse.jdt.ui,3.6.2.r362_v20110203,"org.eclipse.jdt.ui.CompilationUnitEditor",1299574100042
executed,command,org.eclipse.ui,3.6.2.M20110203-1100,"org.eclipse.ui.file.save",1299574117893
activated,view,org.eclipse.wst.server.ui,1.1.207.v20110119,"org.eclipse.wst.server.ui.ServersView",1299574120529
executed,command,org.eclipse.wst.server.ui,1.1.207.v20110119,"org.eclipse.wst.server.run",1299574122703
deactivated,workbench,org.eclipse.ui.workbench,3.6.2.M20110210-1200,"",1299574123462
activated,workbench,org.eclipse.ui.workbench,3.6.2.M20110210-1200,"",1299574124283
activated,view,org.eclipse.ui.console,3.5.0.v20100526,"org.eclipse.ui.console.ConsoleView",1299574124291
activated,editor,org.eclipse.jdt.ui,3.6.2.r362_v20110203,"org.eclipse.jdt.ui.CompilationUnitEditor",1299574126178
activated,editor,org.eclipse.wst.html.ui,1.0.504.v201101122108,"org.eclipse.wst.html.core.htmlsource.source",1299574127719
activated,editor,org.eclipse.ui.browser,3.3.1.r36_20101216,"org.eclipse.ui.browser.editor",1299574128339
